{
  "hash": "a13dca20",
  "configHash": "5c3a9799",
  "lockfileHash": "7a386b10",
  "browserHash": "43aff451",
  "optimized": {
    "@angular/common": {
      "src": "../../../../../../node_modules/@angular/common/fesm2022/common.mjs",
      "file": "@angular_common.js",
      "fileHash": "3ea7d2e1",
      "needsInterop": false
    },
    "@angular/core": {
      "src": "../../../../../../node_modules/@angular/core/fesm2022/core.mjs",
      "file": "@angular_core.js",
      "fileHash": "1357d541",
      "needsInterop": false
    },
    "@angular/forms": {
      "src": "../../../../../../node_modules/@angular/forms/fesm2022/forms.mjs",
      "file": "@angular_forms.js",
      "fileHash": "c16ec119",
      "needsInterop": false
    },
    "@angular/platform-browser": {
      "src": "../../../../../../node_modules/@angular/platform-browser/fesm2022/platform-browser.mjs",
      "file": "@angular_platform-browser.js",
      "fileHash": "c2b7b9f0",
      "needsInterop": false
    },
    "@angular/router": {
      "src": "../../../../../../node_modules/@angular/router/fesm2022/router.mjs",
      "file": "@angular_router.js",
      "fileHash": "c55d36ee",
      "needsInterop": false
    },
    "d3": {
      "src": "../../../../../../node_modules/d3/src/index.js",
      "file": "d3.js",
      "fileHash": "3c148dc7",
      "needsInterop": false
    },
    "ng2-charts": {
      "src": "../../../../../../node_modules/ng2-charts/fesm2020/ng2-charts.mjs",
      "file": "ng2-charts.js",
      "fileHash": "0dc5a969",
      "needsInterop": false
    }
  },
  "chunks": {
    "chunk-6E3JFFWL": {
      "file": "chunk-6E3JFFWL.js"
    },
    "chunk-CAN3CX6H": {
      "file": "chunk-CAN3CX6H.js"
    },
    "chunk-5OFJLQUE": {
      "file": "chunk-5OFJLQUE.js"
    },
    "chunk-BJWEDLTQ": {
      "file": "chunk-BJWEDLTQ.js"
    }
  }
}